{
  "rfr_rmse": 4.247192550817985,
  "xgb_rmse": 4.035194178413317,
  "lgb_rmse": 3.9617106129064124
}