{
  "rfr_rmse": 4.695259839897054,
  "xgb_rmse": 4.4714654044008055
}