{
  "rfr_rmse": 4.251421078348254,
  "xgb_rmse": 4.034612432327319,
  "lgb_rmse": 3.9605800804765234
}