{
  "rfr_rmse": 4.3886040256248675,
  "xgb_rmse": 4.1386341831468085
}