{
  "rfr_rmse": 4.9308790296491605,
  "xgb_rmse": 4.71222817938106
}