{
  "rfr_rmse": 4.906849971580033,
  "xgb_rmse": 4.91052032434764
}