{
  "n_estimators": 446,
  "learning_rate": 0.11932631741022623,
  "max_depth": 8,
  "num_leaves": 42,
  "subsample": 0.7495046903231752,
  "colsample_bytree": 0.6618296770136983,
  "reg_alpha": 1.0895942412019406,
  "reg_lambda": 4.997067470438426
}