{
  "n_estimators": 460,
  "learning_rate": 0.24019760289127076,
  "max_depth": 4,
  "num_leaves": 71,
  "subsample": 0.6214676811135844,
  "colsample_bytree": 0.9370739532415558,
  "reg_alpha": 0.5847226052837835,
  "reg_lambda": 2.1762622395773157
}