{
  "n_estimators": 421,
  "learning_rate": 0.04260807727629514,
  "max_depth": 8,
  "subsample": 0.8629205561299482,
  "colsample_bytree": 0.8711113210714431,
  "gamma": 3.1997019353352125,
  "reg_alpha": 0.43728121947633836,
  "reg_lambda": 2.8874073447817032
}