{
  "n_estimators": 258,
  "learning_rate": 0.07061353970787443,
  "max_depth": 7,
  "subsample": 0.8826223994210378,
  "colsample_bytree": 0.892597537934082,
  "gamma": 1.2224743414989523,
  "reg_alpha": 0.832431525342761,
  "reg_lambda": 4.628063307229053
}