{
  "n_estimators": 328,
  "learning_rate": 0.032547268050022615,
  "max_depth": 4,
  "subsample": 0.5502888465273957,
  "colsample_bytree": 0.9517413442307949,
  "gamma": 3.9414688372360773,
  "reg_alpha": 0.6898901877872599,
  "reg_lambda": 4.884553672098434
}