{
  "n_estimators": 435,
  "learning_rate": 0.10672141834428475,
  "max_depth": 5,
  "subsample": 0.782647712838082,
  "colsample_bytree": 0.9757994137793965,
  "gamma": 2.30767843280807,
  "reg_alpha": 0.789997790401937,
  "reg_lambda": 3.710055182713967
}