{
  "n_estimators": 374,
  "learning_rate": 0.02505903392917835,
  "max_depth": 7,
  "subsample": 0.6314173714345551,
  "colsample_bytree": 0.8945411665529939,
  "gamma": 2.4723248120044916,
  "reg_alpha": 2.3105737920056404,
  "reg_lambda": 3.4892809605133435
}